,TITLE,PRICE,IMAGE
0,Canon EOS M50 Mark II Mirrorless Camera EF-M15-45mm is STM Lens,"₹54,995",https://rukminim1.flixcart.com/image/312/312/knyxqq80/dslr-camera/r/y/x/digital-camera-eos-m50-mark-ii-eos-m50-mark-ii-canon-original-imag2gzkexzqhyhu.jpeg?q=70
1,Canon EOS 200D II DSLR Camera EF-S18-55mm IS STM,"₹56,499",https://rukminim1.flixcart.com/image/312/312/juwzf680/dslr-camera/g/a/q/200d-ii-200d-ii-canon-original-imaffvrhzyqzayys.jpeg?q=70
2,SONY Alpha 7M3K Mirrorless Camera Body with 28 - 70 mm Zoom Lens,"₹1,60,081",https://rukminim1.flixcart.com/image/312/312/kw9krrk0/dslr-camera/q/l/w/-original-imag8z5wwaqtq9bz.jpeg?q=70
3,"Canon EOS 3000D DSLR Camera 1 Camera Body, 18 - 55 mm Lens","₹31,499",https://rukminim1.flixcart.com/image/312/312/jfbfde80/camera/n/r/n/canon-eos-eos-3000d-dslr-original-imaf3t5h9yuyc5zu.jpeg?q=70
4,SONY Alpha ILCE-6400 Mirrorless Camera (Body Only),"₹70,990",https://rukminim1.flixcart.com/image/312/312/kw9krrk0/dslr-camera/6/j/k/-original-imag8z5wzzcgkzva.jpeg?q=70
5,FUJIFILM X Series X-T4 Mirrorless Camera Body with XF 16-80mm Lens,"₹1,71,000",https://rukminim1.flixcart.com/image/312/312/kamtsi80/dslr-camera/g/s/p/x-t4-26-mp-x-t4-fujifilm-original-imafs5jwwxamtdde.jpeg?q=70
6,Clipface GoPro Action Camera Go Pro ActionCamera 4k 16MP Wifi Waterproof Action Camera DV Camcorder Sp...,"₹2,199",https://rukminim1.flixcart.com/image/312/312/l47cu4w0/sports-action-camera/q/t/1/go-pro-actioncamera-4k-16mp-wifi-waterproof-action-camera-dv-original-imagf5yyg5q8xp4g.jpeg?q=70
7,Canon EOS 1500D DSLR Camera Body+ 18-55 mm IS II Lens,"₹39,995",https://rukminim1.flixcart.com/image/312/312/kk01pjk0/dslr-camera/f/v/o/eos-1500d-canon-original-imafzfugydh2mjgf.jpeg?q=70
8,FUJIFILM Instax Treasure Box Mini 11 Instant Camera,"₹6,099",https://rukminim1.flixcart.com/image/312/312/kp2y2kw0/instant-camera/3/z/r/treasure-box-mini-11-instax-mini-11-fujifilm-original-imag3efzmkzvretx.jpeg?q=70
9,NIKON Z 50 Mirrorless Camera Body with 16-50mm Lens,"₹75,499",https://rukminim1.flixcart.com/image/312/312/k5o7r0w0/dslr-camera/z/h/4/z-50-z-50-nikon-original-imafzasjz33kaa8k.jpeg?q=70
10,Bzrqx Mini Mini Spy Camera-Hidden Camera-Wireless WiFi Camera-1080P HD Sports and Action Camera,"₹1,289",https://rukminim1.flixcart.com/image/312/312/l08gsy80/sports-action-camera/x/d/a/mini-spy-camera-hidden-camera-wireless-wifi-camera-1080p-hd-mini-original-imagc2mrsgbjgceu.jpeg?q=70
11,RFV1 (tm) Full HD 1080P Sports DV Action Waterproof Sports and Action Camera,"₹1,014",https://rukminim1.flixcart.com/image/312/312/jm2c87k0/sports-action-camera/8/g/y/full-hd10-full-hd1080-p-ng-etc-full-hd10-happy2buy-original-imaf26jhfrg8qn8z.jpeg?q=70
12,Bzrqx Mini Security CCTV 1080p Wifi Double Antenna Auto Rotating Night Vision Mobile Live Streaming Sp...,"₹1,799",https://rukminim1.flixcart.com/image/312/312/l1pc3gw0/sports-action-camera/h/f/u/cctv-1080p-wifi-double-antenna-auto-rotating-night-vision-mobile-original-imagd7zcxbzxrt4x.jpeg?q=70
13,SONY ILCE-7CL/SQ IN5 Mirrorless Camera Mirrorless,"₹1,73,290",https://rukminim1.flixcart.com/image/312/312/kw9krrk0/dslr-camera/s/k/y/-original-imag8z5wgnmpqfvy.jpeg?q=70
14,IMPLY GO PRO Portable Waterproof Ultra HD with Image Sensor & Wide Angle Lens for Shoot Photo Sports a...,"₹1,499",https://rukminim1.flixcart.com/image/312/312/kvpklu80/sports-action-camera/u/s/g/97-real-4k-16mp-wifi-hdr-video-sports-and-action-camera-2-2-16-original-imag8jwvwfvps4gg.jpeg?q=70
15,SONY Alpha ILCE-6400L Mirrorless Camera with 16-50mm Power Zoom Lens,"₹79,990",https://rukminim1.flixcart.com/image/312/312/kw9krrk0/dslr-camera/1/h/j/-original-imag8z5weagzztda.jpeg?q=70
16,Mirroreye GoPro Action camera GoPro Action Camera 4k16MP Wifi 30M Waterproof Action Camera Sports DV C...,"₹2,280",https://rukminim1.flixcart.com/image/312/312/kvpklu80/sports-action-camera/e/a/3/104-2-in-1-camera-general-sports-use-wi-fi-waterproof-sports-4k-original-imag8jwu6qbydcnt.jpeg?q=70
17,FUJIFILM Instax Treasure Box Mini 11 Instant Camera,"₹6,099",https://rukminim1.flixcart.com/image/312/312/kp2y2kw0/instant-camera/p/f/g/treasure-box-mini-11-instax-mini-11-fujifilm-original-imag3efzdxyrjwmw.jpeg?q=70
18,SONY Alpha Full Frame ILCE-7M2K/BQ IN5 Mirrorless Camera Body with 28 - 70 mm Lens,"₹83,999",https://rukminim1.flixcart.com/image/312/312/l5jxt3k0/dslr-camera/m/n/a/-original-imagg7hsggshhwbz.jpeg?q=70
19,Noise Play 2 Sports and Action Camera,"₹11,499",https://rukminim1.flixcart.com/image/312/312/jefzonk0/sports-action-camera/z/z/m/play-2-2-noise-original-imaf34nekgvcav8h.jpeg?q=70
20,SJCAM SJ6 Legend SJ6 Legend Sports and Action Camera,"₹10,929",https://rukminim1.flixcart.com/image/312/312/kl6wx3k0/sports-action-camera/h/i/k/sjcam-sj6-legend-sj6-legend-sj6-legend-sjcam-original-imagydf2xefhbfjw.jpeg?q=70
21,LEQTRONIQ 42.0 MP Video Camera 42.0 MP Video Camera Camcorder with Microphone for Full HD Live Stream ...,"₹10,490",https://rukminim1.flixcart.com/image/312/312/l4d2ljk0/camcoder/p/a/r/42-0-mp-video-camera-camcorder-with-microphone-for-full-hd-live-original-imagfa5gujqqgddn.jpeg?q=70
22,SJCAM SJ 4000 Air 4K Full HD WiFi 30M Waterproof Sports Action Camera Waterproof DV Camcorder 16MP Spo...,"₹5,042",https://rukminim1.flixcart.com/image/312/312/koudfgw0/sports-action-camera/k/l/3/4000-air-4k-full-hd-wifi-30m-waterproof-sports-action-camera-original-imag37azyptu4zak.jpeg?q=70
23,SJCAM FunCam 1080Full HD Waterproof Kids Sports and Action Camera,"₹2,649",https://rukminim1.flixcart.com/image/312/312/jziqhzk0/sports-action-camera/j/w/m/funcam-1080full-hd-waterproof-kids-na-na-sjcam-original-imafjggknqnyzhae.jpeg?q=70
